Compound ID,Compound Name,CAS,Index     #,Alternate Name(s),Formula ,SMILES (pubchem),Molar Volume (25C),A,B,C,Vapor Presure mmHg (25C),Surface Area [Jmol] (A^2/molecule),Volume [Jmol] (A^3/molecule),q [Jmol],r [Jmol],Classification,"-OH, N, X groups take precedence over aromatic/aliphatic constituents"
1,1-butanol,71-36-3,692,n-butyl alcohol,C4H10O,CCCCO,91.96,7.29062,1282.84617,173.247,6.602158903,113.5546679420960,79.6336460986264,2.735597879,3.161272419,2,
2,1-decanol,112-30-1,1869,decyl alcohol,C10H22O,CCCCCCCCCCO,191.9,7.02966,1579.81663,149.864,0.009888519734,220.2613560285440,171.9218850753640,5.306223947,6.824903043,2,
3,1-hexanol,111-27-3,1158,hexyl alcohol,C6H14O,CCCCCCO,125.2,7.34230,1538.75868,187.498,1.261896483,152.7536650560530,110.2400885769190,3.679924477,4.376277724,2,
4,1-octanol,111-87-5,1572,octyl alcohol,C8H18O,CCCCCCCCO,158.2,7.16033,1536.79417,163.905,0.1059382032,185.7655899465830,141.3532420884850,4.475200914,5.611398291,2,
5,1-pentanol,71-41-0,906,amyl alcohol,C5H12O,CCCCCO,108.6,7.21775,1333.95984,169.781,2.340152592,133.0107841101350,94.9385067075642,3.204307013,3.768840151,2,
6,1-propanol,71-23-8,483,propyl alcohol,C3H8O,CCCO,74.93,7.77370,1518.15892,213.076,24.94175072,93.9464698720485,64.2858197292516,2.263225003,2.551999046,2,
7,"2,2,2-trifluoroethanol",75-89-8,270,,C2H3F3O,C(C(F)(F)F)O,72.274,7.65885,1328.08181,203.622,70.75671846,93.3531885121062,64.9479115598972,2.248932511,2.578282567,2,
8,"2,2,4-trimethylpentane",540-84-1,1562,isooctane,C8H18,CC(C)CC(C)(C)C,165.6,6.99021,1358.75288,231.406,49.09007035,172.4492845346960,132.5492477492940,4.154403386,5.261899984,6,
9,"2,6-dimethylpyridine",108-48-5,1280,,C7H9N,CC1=NC(=CC=C1)C,116.7,7.16488,1526.96129,212.378,5.398341638,136.7301437835440,105.5380980629820,3.293908547,4.189619526,8,
10,2-heptanone,110-43-0,1338,,C7H14O,CCCCCC(=O)C,140.8,7.16065,1551.82218,211.559,3.987297005,164.6727453600260,121.3146572667820,3.967062042,4.815912606,3,
11,2-methylpentane,107-83-5,1145,,C6H14,CCCC(C)C,133,7.07893,1274.63885,243.362,213.414614,139.8784388310190,102.0332630737940,3.369752802,4.050485645,6,
12,2-methylpyridine,109-06-8,999,,C6H7N,CC1=CC=CC=N1,99.07,7.15496,1505.99142,222.949,12.0547591,117.6875878804710,90.2297890964970,2.835162319,3.581914902,8,
13,2-propanol,67-63-0,484,isopropanol,C3H8O,CC(C)O,76.75,7.83056,1483.30420,217.413,51.47970639,93.7119794024522,64.2726009866614,2.257575991,2.551474292,2,
14,3-methylpyridine,108-99-6,1000,,C6H7N,CC1=CN=CC=C1,97.82,7.10475,1521.85828,216.154,6.22329737,117.5078986724330,90.2619810243680,2.830833502,3.583192848,8,
15,4-heptanone,123-19-3,1340,,C7H14O,CCCC(=O)CCC,140.7,6.72863,1163.75090,158.444,2.425128953,164.4759492740610,121.1518182031900,3.96232111,4.80944827,3,
16,4-methyl-2-pentanone,108-10-1,1100,isobutyl methyl ketone,C6H12O,CC(C)CC(=O)C,125.8,7.15972,1421.73164,216.266,18.48894668,142.9873079315810,105.9697992720330,3.444647264,4.20675707,3,
17,acetone,67-64-1,440,2-propanone,C3H6O,CC(=O)C,73.89,7.31414,1315.67347,240.479,228.1898387,87.6734293502486,60.0359810129933,2.112103815,2.383290233,3,
18,acetonitrile,75-05-8,272,acetic acid nitrile,C2H3N,CC#N,52.7,7.54662,1583.97885,257.887,88.56844765,66.0648815058056,43.3516027246538,1.591541352,1.720958825,8,
19,benzene,71-43-2,986,phene,C6H6,C1=CC=CC=C1,89.48,6.81404,1090.43118,197.146,80.42875208,102.6061167536380,78.9908041377978,2.471840924,3.135753073,7,
20,benzonitrile,100-47-0,1236,benzoic acid nitrile,C7H5N,C1=CC=C(C=C1)C#N,103,7.36682,1868.29753,225.472,0.8085678911,124.0842118654770,96.9265676350390,2.989260705,3.847761593,8,
21,benzyl alcohol,100-51-6,1269,alpha-hydroxy toluene,C7H8O,C1=CC=C(C=C1)CO,103.9,7.92338,2060.53232,203.928,0.08367134369,131.6077903810350,102.5313991842090,3.17050808,4.070260502,2,
22,bromobenzene,108-86-1,969,,C6H5Br,C1=CC=C(C=C1)Br,105.6,7.13213,1615.76396,223.972,4.389229576,123.9163283858900,97.0460453344324,2.985216295,3.852504583,8,
23,carbon tetrachloride,56-23-5,145,tetrachloromethane,CCl4,C(Cl)(Cl)(Cl)Cl,97.17,7.01144,1278.54478,232.888,113.159234,112.5894294613890,84.2217265571574,2.712344723,3.343408651,8,
24,chlorobenzene,108-90-7,971,,C6H5Cl,C1=CC=C(C=C1)Cl,102.2,7.18342,1574.53374,234.229,12.86780743,119.9433614628920,93.5076791629253,2.889505215,3.712039592,8,
25,cyclohexane,110-82-7,1074,hexamethylene,C6H12,C1CCCCC1,108.9,6.89019,1200.94736,218.815,92.1581242,120.6969137297360,92.3920540829446,2.907658726,3.667751844,7,
26,cyclopentane,287-92-3,823,pentamethylene,C5H10,C1CCCC1,93.51,7.04267,1202.52990,239.690,315.8773985,104.6855036868070,77.7932374213260,2.521934562,3.088212432,7,
27,cyclopentanol,96-41-3,837,cyclopentyl alcohol,C5H10O,C1CCC(C1)O,90.782,8.05816,1820.58163,211.254,2.249619539,114.1026681016430,86.0748243180933,2.748799521,3.416972366,2,
28,dibutyl ether,142-96-1,1565,,C8H18O,CCCCOCCCC,170.5,7.26955,1602.14538,224.059,6.866627497,188.7940476241790,141.4998358410780,4.548158218,5.617217725,3,
29,dichloromethane,75-09-2,173,methylene chloride,CH2Cl2,C(Cl)Cl,64.44,7.11464,1152.41364,232.442,434.7486204,79.5154920299432,54.8632906035582,1.915574368,2.177946332,8,
30,diethyl ether,60-29-7,694,,C4H10O,CCOCC,104.7,7.04631,1112.55032,232.657,535.0065427,113.6306503999290,79.9116193239315,2.73742834,3.172307316,3,
31,diethylamine,109-89-7,723,,C4H11N,CCNCC,104.2,6.55695,829.06634,170.077,202.7667747,117.7918263953080,82.6072130486015,2.837673486,3.279316182,8,
32,dimethyl sulfoxide,67-68-5,320,,C2H6OS,CS(=O)C,71.36,7.23168,1733.51558,207.580,0.6001644048,96.0831843292153,67.4572873958907,2.314699695,2.677899011,8,
33,ethanol,64-17-5,317,,C2H6O,CCO,58.54,8.13484,1662.48419,238.131,65.57752441,74.6817866037888,48.9377745783385,1.799127598,1.942716987,2,
34,isobutanol,78-83-1,696,"2-methyl-1-propanol, isobutyl alcohol",C4H10O,CC(C)CO,93,7.16064,1164.33346,164.392,10.30107877,111.8268004391840,79.5495831200102,2.693972547,3.157935313,2,
35,methanol,67-56-1,194,carbinol,CH4O,CO,40.714,8.09126,1582.91076,239.096,125.1864921,54.9250451758417,33.6144498515301,1.323176227,1.334416273,2,
36,m-xylene,108-38-3,1435,"1,3-dimethylbenzene",C8H10,CC1=CC(=CC=C1)C,123.307,7.18115,1573.02431,226.671,8.527560211,141.4250328981750,109.5265405113440,3.407011151,4.347951509,7,
37,heptane,142-82-5,1366,,C7H16,CCCCCCC,146.927,7.04605,1341.88869,223.733,44.78880238,161.9480518242490,117.2329717008430,3.901422593,4.653879085,6,
38,hexadecane,544-76-3,2079,,C16H34,CCCCCCCCCCCCCCCC,294.086,7.36235,2094.07623,180.407,0.001470915941,330.2209653133520,256.0698705952510,7.955214775,10.16538434,6,
39,hexane,110-54-3,1144,,C6H14,CCCCCC,131.368,6.98950,1216.91535,227.451,147.6044021,141.5162820693400,102.0398205627710,3.409209397,4.050745963,6,
40,nitroethane,79-24-3,308,,C2H5NO2,CC[N+](=O)[O-],71.973,7.52569,1645.14823,240.115,20.90681261,94.2386769016632,64.3947515083879,2.27026444,2.556323387,8,
41,nitromethane,75-52-5,189,,CH3NO2,C[N+](=O)[O-],54.066,7.53850,1588.82733,239.919,34.76175969,74.5942177702708,49.0634256533461,1.797018014,1.947705046,8,
42,nonane,111-84-2,1708,,C9H20,CCCCCCCCC,179.382,7.18840,1607.73594,222.414,4.90042327,197.8560110235860,148.4135119891030,4.766466177,5.891674752,6,
43,octane,111-65-9,1560,,C8H18,CCCCCCCC,163.42,7.14462,1498.95885,225.874,14.7800079,175.7356109783430,133.2905597868950,4.233572898,5.291328365,6,
44,o-xylene,95-47-6,1434,"1,2-dimethylbenzene",C8H10,CC1=CC=CC=C1C,121.196,7.14914,1566.58814,222.596,6.636700044,139.9095009338060,109.4260359731220,3.370501107,4.34396171,7,
45,perfluorobenzene,392-56-3,934,hexafluorobenzene,C6F6,C1(=C(C(=C(C(=C1F)F)F)F)F)F,115.851,6.96526,1131.44952,196.754,72.94450676,142.2622024547510,110.9800902813440,3.427179052,4.405654088,8,
46,propanal,123-38-6,438,propionaldehyde,C3H6O,CCC=O,72.965,7.30641,1285.88313,242.556,316.5004104,87.9622131070134,60.1008807482212,2.119060783,2.385866603,3,
47,p-xylene,106-42-3,1436,"1,4-dimethylbenzene",C8H10,CC1=CC=C(C=C1)C,123.738,7.15471,1553.94607,225.230,8.803130344,141.1626971679290,109.5553124783750,3.400691331,4.34909369,7,
48,pyridine,110-86-1,758,azine,C5H5N,C1=CC=NC=C1,80.798,7.18740,1463.62744,224.598,21.06009221,98.2807580589484,75.0215293561365,2.367640522,2.978182003,8,
49,s⁢e⁢c-butanol,78-92-2,693,"2-butanol, sec. butyl alcohol",C4H10O,CCC(C)O,92.08,7.47492,1314.19000,186.510,18.26203613,112.3075679586810,79.6213260006491,2.705554516,3.16078334,2,
50,t-butanol*,75-65-0,697,"2-methyl-2-propanol, tert butyl alcohol",C4H10O,CC(C)(C)O,94.637,7.13278,1068.73676,168.931,41.86712887,110.5989559488360,79.5144821238033,2.664393061,3.156541884,2,
51,tetrahydrofuran,109-99-9,630,"1,4-epoxybutane, tetramethylene epoxide",C4H8O,C1CCOC1,81.94,7.10537,1256.68230,232.621,168.7874279,96.9420514980683,71.1272631916217,2.335390303,2.823588601,3,
52,toluene,108-88-3,1263,methyl benzene,C7H8,CC1=CC=CC=C1,106.5,7.13620,1457.28712,231.827,28.97390148,122.0931725557140,94.2603688761810,2.941295412,3.74191964,7,
53,trichloromethane,67-66-3,163,chloroform,CHCl3,C(Cl)(Cl)Cl,80.66,7.11148,1232.78766,230.213,191.0112254,96.5105911618596,69.5004571586629,2.324996173,2.759008147,8,
54,triethylamine,121-44-8,1195, ,C6H15N,CCN(CC)CC,139.8,6.51903,922.08289,164.674,45.45806037,151.1707450935560,113.4663480705730,3.641791016,4.504352799,8,
55,water,7732-18-5,118,,H2O,O,17.8,8.05573,1723.64251,233.076,23.81897472,33.7711532501571,17.5215787701599,0.8135666888,0.6955663394,1,
56,"1,4-dioxane ",123-91-1,640,glycol ethylene ether,C4H8O2,C1COCCO1,85.62,7.29909,1485.84640,234.976,38.34947985,105.2180339159830,79.0568044252092,2.534763525,3.138373133,3,
57,butanonitrile ,109-74-0,604,"butyronitrile, butanoic acid nitrile, propyl cyanide",C4H7N,CCCC#N,87.92,7.36921,1593.17000,237.353,19.79658529,105.0273315544570,73.9723122961465,2.530169394,2.936530501,8,
58,ethyl ethanoate,141-78-6,636,"ethyl acetate, acetic acid ethyl ester",C4H8O2,CCOC(=O)C,98.55,7.25963,1338.46000,228.608,95.93064652,116.3533361365390,83.5995831579881,2.80301942,3.31871099,3,
59,1-chloropentane,543-59-9,879,"n-amyl chloride, pentyl chloride",C5H11Cl,CCCCCCl,121.406,7.21236,1494.95000,236.740,31.67932981,139.3565823699340,101.4742069638250,3.357180977,4.028292405,8,
60,1-hexyne,693-02-7,1023,,C6H10,CCCCC#C,115.373,7.21967,1336.56000,236.713,129.6288534,129.7436810269510,93.9044658846081,3.125600603,3.727791111,6,
61,"1,1,1-trichloroethane",71-55-6,262,,C2H3Cl3,CC(Cl)(Cl)Cl,100.303,7.00718,1253.20000,229.624,121.7343111,114.5828511094770,85.0069058436626,2.760367408,3.374578461,8,
62,3-pentanone ,96-22-0,844,diethyl ketone,C5H10O,CCC(=O)CC,106.338,7.26062,1460.76000,231.531,36.84151132,124.9001420375790,90.5319619218883,3.008916937,3.593910468,3,
63,butylamine,109-73-9,722,,C4H11N,CCCCN,98.702,7.21033,1316.41000,226.655,95.3496912,116.9420271627470,82.1971198509691,2.817201329,3.263036426,8,
64,butyraldehyde,123-72-8,623,butanal,C4H8O,CCCC=O,90.473,7.21736,1317.94000,229.115,107.3910311,106.5368989291200,75.4418088541115,2.566535749,2.994866131,3,
65,carbon disulfide,75-15-0,157,,CS2,C(=S)=S,60.623,7.2179,1303.79000,254.394,355.9651815,76.0140956712421,53.3415858676889,1.831223697,2.117538157,8,
66,cyclohexanone,108-94-1,1028,pimelic ketone,C6H10O,C1CCC(=O)CC1,104.188,7.60652,1884.55000,243.036,3.763236151,125.2972998934350,96.3285499894655,3.0184847,3.824021669,3,
67,cyclopentanone,120-92-3,788,adipic ketone,C5H8O,C1CCC(=O)C1,89.014,7.56585,1727.86000,238.153,9.996773967,108.7864032321010,81.4081214582641,2.620727613,3.231715006,3,
68,ethylbenzene,100-41-4,1437,,C8H10,CCC1=CC=CC=C1,122.737,7.1561,1559.55000,228.582,10.13954273,141.1567189754260,109.5127865510870,3.400547313,4.347405508,7,
69,methyl iodide,74-88-4,187,iodomethane,CH3I,CI,62.666,7.33367,1316.43000,253.207,399.7915711,73.3456044535222,50.7770997084521,1.766938194,2.015733961,8,
70,pentane,109-66-0,894, ,C5H12,CCCCC,116.187,7.00877,1134.15000,238.678,509.9188046,121.7131529605140,86.6846030521974,2.932140519,3.441179178,6,
71,tribromomethane ,75-25-2,160,bromoform,CHBr3,C(Br)(Br)Br,87.876,7.0259,1508.83000,214.805,5.419960999,96.8954116259829,69.8012654239519,2.334266722,2.770949542,8,
72,1-Hexene,592-41-6,1076,,C6H12,CCCCC=C,126.179,7.07214,1270.42000,239.628,186.7940594,135.2364674021090,97.7945536291475,3.257925016,3.882218639,6,
73,1-nitropropane,108-03-2,475,,C3H7NO2,CCC[N+](=O)[O-],89.452,7.52378,1717.69000,238.777,10.27727319,115.2303531520390,80.8189862581152,2.775966108,3.208327695,8,
74,1-Pentene,109-67-1,824,alpha-n-amylene,C5H10,CCCC=C,110.448,7.02741,1132.42000,243.136,636.9500973,115.8628191149140,82.4481570901016,2.79120258,3.273002026,6,
75,2-nitropropane,79-46-9,476,,C3H7NO2,CC(C)[N+](=O)[O-],90.635,7.49159,1671.27000,242.220,17.27050915,110.7889470972640,80.9855834227200,2.668970058,3.214941219,8,
76,aniline,62-53-3,997,aminobenzene,C6H7N,C1=CC=C(C=C1)N,91.482,7.29816,1668.15000,193.636,0.4659670531,116.0547573104290,89.1503103328407,2.795826483,3.53906208,8,
77,decalin,91-17-8,1829,decahydronaphthalene,C10H18,C1CCC2CCCCC2C1,159.278,6.82768,1544.81000,204.091,1.214687107,177.0622448165140,144.1383192906620,4.265532277,5.721959444,7,
78,decane,124-18-5,1865,,C10H22,CCCCCCCCCC,195.446,7.21745,1693.93000,216.459,1.592414349,215.8004400788010,163.8756477341530,5.198757892,6.505485944,6,
79,dodecane,112-40-3,2003,,C12H26,CCCCCCCCCCCC,228.642,7.22883,1807.47000,199.381,0.1490969661,256.5000168518450,194.2790870248890,6.179234326,7.71243249,6,
80,isopropylbenzene,98-82-8,1640,cumene,C9H12,CC(C)C1=CC=CC=C1,139.761,7.10691,1577.97000,220.977,4.918107508,159.1025568982300,124.9241133509570,3.832872968,4.959199703,7,
81,n-methylaniline,100-61-8,1276,"methylaniline, methyl phenylamine",C7H9N,CNC1=CC=CC=C1,109.12,7.74401,2085.01000,232.863,0.4552839153,135.1194209079680,105.0418396146330,3.255105298,4.169919208,8,
82,"n,n-dimethylformamide",68-12-2,468,dimethylformamide,C3H7NO,CN(C)C=O,77.349,7.24128,1597.92000,213.457,3.46894668,101.7217136449420,71.4135805921532,2.45053514,2.834954743,8,
83,nitrobenzene,98-95-3,981,,C6H5NO2,C1=CC=C(C=C1)[N+](=O)[O-],102.678,7.53814,2018.37000,222.575,0.2429853945,131.2504587279770,102.9849848056530,3.161899753,4.088266807,8,
84,pentadecane*,629-62-9,2062,,C15H32,CCCCCCCCCCCCCCC,277.672,7.29987,1985.73000,178.677,0.003551917341,293.6607338704490,241.6611367263770,7.074457573,9.593390781,6,
85,Pyrrolidine,123-75-1,674,,C4H9N,C1CCNC1,82.701,7.15003,1291.56000,215.958,61.64895928,100.3479391491530,73.6000933647722,2.417440114,2.921754266,8,
86,tetrachloroethylene,127-18-4,205,tetrachloroethene,C2Cl4,C(=C(Cl)Cl)(Cl)Cl,102.81,7.06892,1458.45000,226.986,19.1028627,124.0451381271020,94.3667595187697,2.988319396,3.746143104,8,
87,Thiophene,110-02-1,546,thiofuran,C4H4S,C1=CSC=C1,79.454,7.06944,1296.79000,225.437,77.86303608,84.1426684752130,62.9766431608610,2.027045735,2.50002775,8,
88,diethyl sulfide,352-93-2,719,"ethyl sulfide, 3-thiapentane",C4H10S,CCSCC,108.401,7.20449,1423.41000,237.112,59.42221786,124.6142700000000,90.4495100000000,3.002030113,3.590637316,8,
89,ethanethiol,75-08-1,323,ethyl mercaptan,C2H6S,CCS,74.593,7.1629,1202.03000,245.711,527.9949256,85.7907793767647,58.9774850986347,2.066749684,2.341270382,8,
90,propylamine,107-10-8,504,1-aminopropane,C3H9N,CCCN,82.789,7.06592,1102.65000,215.619,304.3436012,97.5238527887973,66.9320678440629,2.349406234,2.657049004,8,
91,"1,1,2-trichloroethane",79-00-5,263,,C2H3Cl3,C(C(Cl)Cl)Cl,92.964,7.14357,1457.65000,228.099,24.23043176,115.6644977708530,85.1770221594558,2.786424904,3.381331687,8,
92,"1,1-dichloroethane",75-34-3,281,,C2H4Cl2,CC(Cl)Cl,84.725,7.18316,1269.43000,237.755,224.8688951,98.2568942938380,70.2023547983291,2.36706563,2.786871867,8,
93,"1,2,4-trimethylbenzene",95-63-6,1643,pseudocumene,C9H12,CC1=CC(=C(C=C1)C)C,137.837,7.29329,1763.35000,230.248,2.426111175,158.8794359986380,124.7361138998320,3.827497856,4.951736557,7,
94,1-bromo-2-methylpropane,78-77-3,660,,C4H9Br,CC(C)CBr,108.996,7.28667,1462.32000,240.374,59.73904549,123.5096558308800,89.9197529680961,2.975419317,3.569607182,8,
95,1-bromopentane,110-53-2,874,,C5H11Br,CCCCCBr,124.626,8.26539,2118.98000,263.938,8.544879783,143.4279973728980,105.1105082481870,3.455263729,4.172645194,8,
96,1-bromopropane,106-94-5,451,propyl bromide,C3H7Br,CCCBr,91.444,7.33043,1403.41000,244.400,132.1413563,104.8631290327060,74.5719587357746,2.52621366,2.960335084,8,
97,1-chloropropane,540-54-5,453,propyl chloride,C3H7Cl,CCCCl,91.754,7.11195,1208.24000,239.039,343.5257781,100.5702645071800,70.8163372090130,2.422796061,2.811245555,8,
98,1-fluorooctane,463-11-6,---,,C8H17F,CCCCCCCCF,163.884,7.21056,1551.57000,216.050,5.940809487,186.0055693609090,137.9197580219600,4.480982158,5.475096878,8,
99,1-heptanol,111-70-6,1377,enanthic alcohol,C7H16O,CCCCCCCO,141.712,7.18822,1482.06000,167.773,0.3163079814,169.0894868581630,126.2552507478820,4.073463909,5.012042793,2,
100,1-iodobutane,542-69-8,671,,C4H9I,CCCCI,114.497,7.20027,1549.23000,228.134,12.02465963,131.2387913103820,96.8263540660773,3.161618678,3.843783345,8,
101,1-iodopropane,107-08-4,462,,C3H7I,CCCI,97.753,7.32543,1566.19000,249.929,42.53268994,112.0364668072980,81.4169138323874,2.699023532,3.232064043,8,
102,1-nonanol,143-08-8,1712,pelargonic alcohol,C9H20O,CCCCCCCCCO,175.069,7.04565,1520.83000,152.060,0.02859576744,208.2355293419590,157.1406938842900,5.0165148,6.238123782,2,
103,1-pentyne,627-19-0,782,,C5H8,CCCC#C,99.009,6.95496,1035.94000,214.091,418.9215967,110.1163492829910,78.5052171867810,2.652766786,3.116476389,6,
104,"2,4-dimethylpentane",108-08-7,1371,,C7H16,CC(C)CC(C)C,150.006,7.02311,1303.23000,234.125,98.573739,152.6533453194030,117.8305883153040,3.677507717,4.677603089,6,
105,"2,4-dimethylpyridine",108-47-4,1278,,C7H9N,CC1=CC(=NC=C1)C,115.534,7.3167,1714.44000,228.093,3.489372566,136.8745425498720,105.5984195169280,3.297387197,4.192014149,8,
106,2-bromopropane,75-26-3,452,isopropyl bromide,C3H7Br,CC(C)Br,95.938,7.27146,1339.77000,245.732,210.2642072,104.4245511709570,74.5163232702378,2.515648065,2.958126484,8,
107,2-chlorobutane,78-86-4,663,sec. butyl chloride,C4H9Cl,CCC(C)Cl,106.645,7.25318,1378.58000,247.194,154.3417772,119.2835079435360,86.1373632707211,2.87360896,3.419455018,8,
108,2-hexanone,591-78-6,1097,methyl butyl ketone,C6H12O,CCCCC(=O)C,124.115,6.86922,1222.20000,178.888,7.494668863,144.9837411467720,105.8628805842100,3.492742499,4.202512644,3,
109,2-octanone,111-13-7,1529,methyl hexyl ketone,C8H16O,CCCCCCC(=O)C,157.318,7.08024,1475.80000,178.430,0.6693543863,183.7392186879190,136.5206266505810,4.426384454,5.419554583,3,
110,2-pentanone,107-87-9,843,methyl propyl ketone,C5H10O,CCCC(=O)C,107.399,7.3543,1548.10000,243.751,39.25991372,125.8938641618800,90.5791241507243,3.032856279,3.5957827,3,
111,2-propen-1-ol,107-18-6,441,allyl alcohol,C3H6O,C=CCO,68.734,7.78554,1554.45000,219.849,27.34848718,87.9423273692217,60.1299393240697,2.118581724,2.387020161,2,
112,4-methylpyridine,108-89-4,1001,4-picoline,C6H7N,CC1=CC=NC=C1,98.03,7.24381,1612.96000,224.341,5.955496869,117.7469892984190,90.4106815515863,2.836593334,3.589095916,8,
113,5-nonanone,502-56-7,1691,,C9H18O,CCCCC(=O)CCCC,173.94,8.71387,3404.66000,395.234,4.093082869,202.4590611923220,151.9376445434560,4.877356328,6.031574701,3,
114,acetic acid,64-19-7,290,ethanoic acid,C2H4O2,CC(=O)O,57.577,7.27642,1326.65000,183.913,8.436628749,77.8757014845913,52.4159866796659,1.876070862,2.080794,Carboxylic Acid,
115,anisole,100-66-3,1268,methoxybenzene,C7H8O,COC1=CC=CC=C1,109.232,7.32615,1674.45000,223.096,3.775270532,132.4356318274780,103.1140466774760,3.190451261,4.093390266,3,
116,benzaldehyde,100-52-7,1240,"benzenecarbonal, benzenecarboxaldehyde",C7H6O,C1=CC=C(C=C1)C=O,102.042,7.25411,1734.80000,217.931,1.297142305,125.9089547773670,98.2735566808432,3.033219821,3.901233957,3,
117,bromoethane,74-96-4,294,ethyl bromide,C2H5Br,CCBr,75.149,7.31438,1260.42000,245.939,459.5540005,85.4845014939146,59.1726119061052,2.059371272,2.349016467,8,
118,bromooctane,111-83-1,---,,C8H17Br,CCCCCCCCBr,174.428,7.41204,1880.25000,214.153,0.3547466166,198.2430169581250,151.3475656015380,4.775789375,6.008149926,8,
119,butanoic acid,107-92-6,637,,C4H8O2,CCCC(=O)O,92.452,7.68706,1778.18000,206.702,1.029516629,116.1969323511800,83.0507139184180,2.799251562,3.296922145,Carboxylic Acid,
120,butanone,78-93-3,626,"methyl ethyl ketone, 2-butanone",C4H8O,CCC(=O)C,90.246,7.20103,1325.15000,227.093,87.99098648,106.8440669010920,75.2238500166953,2.573935603,2.986213667,3,
121,butyl ethanoate,123-86-4,1104,"butyl acetate, acetic acid butyl ester",C6H12O2,CCCCOC(=O)C,132.603,7.2341,1515.76000,222.077,12.5699137,156.2435650373280,114.7531982903890,3.763998194,4.55543779,3,
122,butylbenzene,104-51-8,1763,,C10H14,CCCCC1=CC=CC=C1,156.435,7.18472,1720.37000,216.413,1.144109201,179.8884067053290,140.1706558660740,4.333616158,5.56445234,7,
123,chlorotoluene (alpha?),106-43-4,,,C7H7Cl,CC1=CC=C(C=C1)Cl,119.083,7.13594,1605.85000,214.891,2.76603776,138.6540811751490,108.6902559568030,3.340257316,4.314752937,8,
124,dibromomethane,74-95-3,169,methylene bromide,CH2Br2,C(Br)Br,70.038,7.23867,1423.39000,229.675,44.62982037,88.2485044548413,62.5016001451003,2.125957708,2.481169636,8,
125,diiodomethane,75-11-6,176,methylene iodide,CH2I2,C(I)I,81.015,6.92268,1563.71000,204.877,1.319177018,102.2569823533350,76.3120177286218,2.463430074,3.02941142,8,
126,dimethyldisulfide,624-92-0,---,,C2H6S2,CSSC,89.122,7.25695,1502.73000,233.641,27.98016598,108.6577570253000,78.0154075776875,2.617628452,3.097032076,8,
127,dimethylacetamide,127-19-5,675,"n,n-dimethyl acetic acid amide",C4H9NO,CC(=O)N(C)C,92.98,6.73315,1186.85000,141.984,0.4222627852,118.6730875707580,86.4875816299051,2.858903579,3.433357881,8,
128,dipropylamine,142-84-7,1192,,C6H15N,CCCNCCC,137.303,7.36576,1469.89000,218.887,21.81873137,156.3710258381170,113.3462233915540,3.767068799,4.499584126,8,
129,"E-1,2-dichloroethene",156-60-5,245,"trans-1,2-dichloroethylene",C2H2Cl2,C(=CCl)Cl,77.928,7.21356,1244.35000,239.497,322.8269461,92.1303343923283,65.4835655616595,2.219473245,2.599546798,8,
130,E-2-pentene,646-04-8,827,"trans-2-pentene, trans-beta-amylene",C5H10,CCC=CC,109.074,7.05181,1161.52000,242.135,505.5292476,115.9875919145960,82.2686988010173,2.79420843,3.265877945,6,
131,ethyl methanoate,109-94-4,446,"ethyl formate, formic acid ethyl ester",C3H6O2,CCOC=O,80.785,7.21764,1252.80000,234.565,246.0952858,98.4259190631922,68.8231774437032,2.371137535,2.732121701,3,
132,ethylphenyl ether,103-73-1,1439,ethoxybenzene,C8H10O,CCOC1=CC=CC=C1,127.125,7.30227,1706.40000,215.935,1.659059194,151.5286237474570,118.3493800744020,3.650412521,4.698197928,3,
133,ethylene glycol,107-21-1,321,"1,2-ethanediol",C2H6O2,C(CO)O,55.918,9.69941,3147.10000,264.246,0.06592529836,85.4476664176327,57.4824490232592,2.058483893,2.281920891,2,(diol)
134,fluorobenzene,462-06-6,977,,C6H5F,C1=CC=C(C=C1)F,94.312,7.13144,1351.52000,233.227,78.99422805,109.5002421659350,84.3953912140380,2.637924408,3.350302738,8,
135,formamide,75-12-7,188,formic acid amide,CH3NO,C(=O)N,39.895,7.63804,2012.70000,203.234,0.06598710418,62.5980543525032,39.5898835266513,1.508023473,1.571627233,8,
136,formic acid,64-18-6,178,methanoic,CH2O2,C(=O)O,37.912,6.97459,1165.08000,184.037,25.17858107,58.6822224984711,37.2168009559888,1.41368881,1.477421318,Carboxylic Acid,
137,hexadecyliodide,544-77-4,---,,C16H33I,CCCCCCCCCCCCCCCCI,314.227,9.01052,4044.82000,302.872,0.000471995036,345.0113029244550,281.6860883308070,8.311522595,11.18228922,8,
138,hexanoic acid,142-62-1,1116,,C6H12O2,CCCCCC(=O)O,126.124,7.47273,1747.23000,174.802,0.05344691479,154.9034475993230,113.6052557002500,3.731713987,4.509867112,Carboxylic Acid,
139,iodobenzene,591-50-4,979,phenyl iodide,C6H5I,C1=CC=C(C=C1)I,111.97,7.1286,1736.98000,220.463,1.127868728,130.7093266869550,103.9572858427900,3.148863568,4.12686492,8,
140,iodoethane,75-03-6,303,ethyl iodide,C2H5I,CCI,81.232,7.19829,1337.27000,237.434,126.6621644,92.5082883923912,66.1261083937982,2.228578376,2.625054269,8,
141,m-cresol,108-39-4,1266,"1-hydroxy-4-methylbenzene, 3-methylphenol",C7H8O,CC1=CC(=CC=C1)O,104.99,6.87492,1303.18000,124.000,0.01345071911,131.9544307892020,102.1506068796620,3.178858848,4.055143924,2,
142,mesitylene,108-67-8,1644,"1,3,5-trimethylbenzene",C9H12,CC1=CC(=CC(=C1)C)C,139.598,7.26105,1695.83000,222.415,2.55186474,108.6737699002650,124.6351880278190,2.618014211,4.947730032,7,
143,o-chlorotoluene,95-49-8,1250,"1-chloro-2-methylbenzene, 2-chlorotoluene",C7H7Cl,CC1=CC=CC=C1Cl,117.535,7.18144,1645.90000,223.563,3.628930834,137.7151817147580,108.6737699002650,3.317638683,4.314098479,8,
144,o-cresol,95-48-7,1265,"1-hydroxy-2-methylbenzene, 2-methylphenol",C7H8O,CC1=CC=CC=C1O,105.48,7.26017,1620.79000,179.098,0.2084183181,129.9456063389510,102.0763584896040,3.130465101,4.052196434,2,
145,o-dichlorobenzene,95-50-1,961,"1,2-dichlorobenzene",C6H4Cl2,C1=CC=C(C(=C1)Cl)Cl,112.992,6.97294,1596.20000,209.647,1.480407453,135.6905290475470,107.9504883507370,3.268863624,4.285385866,8,
146,o-nitrotoluene,88-72-2,1260,"1-methyl-2-nitrobenzene, 2-nitrotoluene",C7H7NO2,CC1=CC=CC=C1[N+](=O)[O-],118.427,7.00843,1502.39000,141.495,0.009655964416,149.8386956148490,118.2252623167100,3.609701171,4.693270739,8,
147,pentanal,110-62-3,842,valeraldehyde,C5H10O,CCCCC=O,106.999,7.27832,1453.59000,227.549,33.31538709,125.9605659746030,90.7505899961567,3.034463165,3.602589499,3,
148,pentanoic acid,109-52-4,859,valeric acid,C5H10O2,CCCCC(=O)O,109.35,7.61354,1828.33000,200.516,0.3207906284,135.7580066857460,98.4267245611081,3.2704892,3.907314369,Carboxylic Acid,
149,pentyl ethanoate,628-63-7,1344,acetic acid pentyl ester,C7H14O2,CCCCCOC(=O)C,149.297,7.50177,1830.66000,248.165,6.311116113,175.8396330484190,130.1961170828730,4.23607885,5.168486114,3,
150,pentylamine,110-58-7,926,1-aminopentane,C5H13N,CCCCCN,116.066,7.34146,1488.24000,229.138,30.57940457,136.2324364843610,97.5618941308801,3.281918489,3.872982592,8,
151,propanoic acid,79-09-4,447,,C3H6O2,CCC(=O)O,74.979,7.22919,1333.79000,227.283,87.56081396,97.4460546796836,67.7037251479778,2.347532033,2.687682022,Carboxylic Acid,
152,propanonitrile,107-12-0,418,"ethyl cyanide, propanoic acid nitrile",C3H5N,CCC#N,70.888,7.0414,1270.42000,207.996,38.8025299,85.1258462862525,58.5190651086522,2.05073106,2.323072164,8,
153,propyl ethanoate,109-60-4,850,"propyl acetate, acetic acid propyl ester",C5H10O2,CCCOC(=O)C,115.666,7.22305,1408.02000,222.760,34.67770301,136.8660698357570,99.2799601754650,3.297183084,3.941185859,3,
154,t-butylbenzene,98-06-6,1765,"1,1-dimethylethylbenzene",C10H14,CC(C)(C)C1=CC=CC=C1,155.529,6.88707,1509.57000,207.654,2.503764918,174.4634810550570,140.0668676954050,4.202926549,5.560332189,7,
155,sulfolane,126-33-0,651,tetramethylene sulfone,C4H8O2S,C1CCS(=O)(=O)C1,95.017,7.39368,2207.21000,201.794,0.004586232245,124.2588257039430,94.8347714927228,2.993467254,3.764722102,8,
156,tetralin,119-64-2,1753,"1,2,3,4-tetrahydronaphthalene",C10H12,C1CCC2=CC=CC=C2C1,136.717,7.16735,1806.14000,213.732,0.3997563024,159.1527736548940,130.5139484114200,3.834082719,5.181103286,7,
157,thiophenol,108-98-5,996,benzenethiol,C6H6S,C1=CC=C(C=C1)S,102.684,7.06085,1549.90000,201.647,1.669023884,124.1746116842050,97.0034671457018,2.991438489,3.850814327,8,
158,trichloroethene,79-01-6,255,trichloroethylene,C2HCl3,C(=C(Cl)Cl)Cl,90.115,6.87981,1157.83000,202.580,61.97783472,108.8794344793510,79.8945623949233,2.62296879,3.171630196,8,
159,undecane,1120-21-4,1932,,C11H24,CCCCCCCCCCC,212.092,7.18058,1706.26000,200.897,0.4239499357,235.5634383635960,179.3533247342660,5.674859994,7.119914089,6,
160,"Z-1,2-dichloroethene",156-59-2,244,"cis-1,2-dichloroethylene",C2H2Cl2,C(=CCl)Cl,76.635,7.21953,1290.28000,236.887,196.1879066,91.9869141977941,65.4876475827683,2.216018169,2.599708845,8,